id,titre,auteur,date,url,texte
0,Genuinely why is Ryo Fukui so hated,arctansec,1768448154.0,https://i.redd.it/kxigef8bofdg1.jpeg,Genuinely why is Ryo Fukui so hated. It makes no sense to me. His music is great.
1,Suggest some slow romantic jazz which is about admiring her and falling for her,Popular_Lettuce7084,1768483803.0,https://www.reddit.com/r/Jazz/comments/1qdjjf4/suggest_some_slow_romantic_jazz_which_is_about/,Suggest some slow romantic jazz which is about admiring her and falling for her. Any suggestions would be very much appreciated.
2,Explicitly political tracks/album recommendations?,kush_butch,1768482823.0,https://www.reddit.com/r/Jazz/comments/1qdj5wp/explicitly_political_tracksalbum_recommendations/,"Explicitly political tracks/album recommendations?. Looking for the deep cuts - music both in the tradition of and beyond Max Roach/Abbey Lincoln/We Insist, Nina Simone, Sonny Rollins Freedom Suite, Fables of Faubus, or Fela Kuti/Tony Allen type afrobeat - as well as music in the tradition of or beyond Terri Lyne Carrington's We Insist 2025 + Meshell Ndegeocello's No More Water and more recent on-the-nose releases."
3,Any jazz musicians here that would like to be sampled for a jazz rap album?,Impossible-Fact-454,1768492174.0,https://www.reddit.com/r/Jazz/comments/1qdn3c0/any_jazz_musicians_here_that_would_like_to_be/,"Any jazz musicians here that would like to be sampled for a jazz rap album?. Hi! Like the title say, I would like you know if there is anyone here that would like to be sampled. If thats the case, please feel free to share your music here or in my dm. Thank you!"
4,Jazz Musicians Look Change,Low-Significance-552,1768374126.0,https://www.reddit.com/gallery/1qcgm16,Jazz Musicians Look Change. Is there an specific reason on why some Jazz Legends started looking as a classical musicians and ended looking more like rockstars? What you think.  
5,What do you think of the tune selection for the entrance exam?,drew_zini,1768470681.0,https://www.reddit.com/r/Jazz/comments/1qdfgtk/what_do_you_think_of_the_tune_selection_for_the/,"What do you think of the tune selection for the entrance exam?. So I'd like to enter the conservatorty in Innsbruck. I have to play one chord melo dy piece/solo transcription by myself and 3 tunes with the conservatory rhythm section. I thought of Birds solo transcription from Donna Lee without band. For the 3 tunes I'd like to choose Benny's Bugle (Benny Goodman/CC style swing blues), Body and Soul and Lester Leaps In (rhythm changes, I played this tune to get into the conservatory in Trento, where I'm studying now). What do you think?"
6,My jazz journey,tenbeersdeep,1768434810.0,https://www.reddit.com/r/Jazz/comments/1qd3p4z/my_jazz_journey/,"My jazz journey. I decided to crawl down the jazz rabbit hole about two years ago and I love everything about it. My metalhead I stinks make me think that I want to hear jazz with distortion. What would is sound like if Scofield played with the same petals and technical shit the guys in doom or stoner metal.  Anyway, pass that shit. "
7,"Max Raabe & Palast Orchester - Hallo, was machst du heut Daisy",RecessMonkeys,1768469985.0,https://youtu.be/EYZiENcnJqw?si=MHmNiwB6ZQqHXDNF,"Max Raabe & Palast Orchester - Hallo, was machst du heut Daisy. Max Raabe Fans?"
8,Are you a musician or not? (Poll),Blackbrainfood,1768441779.0,https://www.reddit.com/r/Jazz/comments/1qd6e7v/are_you_a_musician_or_not_poll/,"Are you a musician or not? (Poll). I love jazz, but am not a musician. After discovering this subreddit, I've been introduced to great music I would have never discovered.  However, sometimes I feel like I'm part of a small number of non-musicians here, so that may explain why many musicians seem to love music that I don't like (I see ya free jazz and avant garde jazz!).  So just curious, how many of you are practising musicians and how many are not?  [View Poll](https://www.reddit.com/poll/1qd6e7v)"
9,Longest track that didn't feel like a drag to listen to? For me it was this with Coltrane's Peace on Earth and Miles' Pharoah Dance behind it,Tolstoyevich,1768399448.0,https://i.redd.it/of3ab08hnbdg1.png,Longest track that didn't feel like a drag to listen to? For me it was this with Coltrane's Peace on Earth and Miles' Pharoah Dance behind it. 
10,Best of Jazz 2025 | A selection of my 50 favorite jazz albums released in 2025,h-musicfr,1768481989.0,https://youtu.be/7K8d1W-dY0g?si=XGMD521OTJnKuVWb,"Best of Jazz 2025 | A selection of my 50 favorite jazz albums released in 2025. The list: [50 jazz albums for 2025 | H-Music](https://www.h-music.fr/topalbums2025#topjazzalbums2025)   The playlist on Spotify:  https://open.spotify.com/playlist/576mhzkFSGR7I6ibsbjsX3?si=7413d6aef5d44d07   They are not the only ones, but they particularly stood out to me. This isn't a ranking.   And what are yours?   H-Music "
11,Wich You think is the most beautiful Jazz tune?,Low-Significance-552,1768408344.0,https://www.reddit.com/r/Jazz/comments/1qcrx66/wich_you_think_is_the_most_beautiful_jazz_tune/,Wich You think is the most beautiful Jazz tune?. Wich is for each of you the most beautiful melody in jazz?
12,Do wind players not use vibrato in their improv?,JKriv_,1768445644.0,https://www.reddit.com/r/Jazz/comments/1qd7u5s/do_wind_players_not_use_vibrato_in_their_improv/,"Do wind players not use vibrato in their improv?. I've been listening to some alto sax players a lot recently from the 1900s and most of them don't use vibrato in their solos that much. Is there a ""rule"" or a reason for this or is it depending on preference? Style of music?"
13,"Looking for a lead sheet copy of Cedar Walton's ""Charmed Circle.""",Thiskidwho,1768456150.0,https://www.reddit.com/r/Jazz/comments/1qdbevv/looking_for_a_lead_sheet_copy_of_cedar_waltons/,"Looking for a lead sheet copy of Cedar Walton's ""Charmed Circle."". I purchased a copy of Charmed Circle a while ago but I lost it and I can't find it online again. I was trying to purchase it again but it has seemed to disappear. Does anyone have a copy of it? I wanted to work on it.   Thanks in Advance!"
14,Gerry Mulligan - The Lady Is A Tramp,5DragonsMusic,1768420286.0,https://i.redd.it/ds1mbyhycddg1.jpeg,"Gerry Mulligan - The Lady Is A Tramp. Been wanting to post more Gerry Mulligan here. This track is a great rendition of the Rodgers and Hart standard that isn't heard enough these days. This album is very similar in terms of style and writing to Gerry's Night Lights. While this a a Gerry Mulligan release the star here is Zoot Sims on tenor sax. Zoot provides what I consider his best solo and a solo that really separates his style from fellow cool jazz saxophonist, Stan Getz. Take a listen! On Spotify, Apple Music, Tidal, etc. [https://ffm.to/winterjazzmusic](https://ffm.to/winterjazzmusic)"
15,What do you think is the greatest eighth note feel ever put to record?,laszlo-jamf,1768445634.0,https://www.reddit.com/r/Jazz/comments/1qd7u0a/what_do_you_think_is_the_greatest_eighth_note/,"What do you think is the greatest eighth note feel ever put to record?. And why do you think that?  My big band director’s nomination (his opinions musical I respect massively) are Miles Davis’s eighth notes at the end of [There’s a Boat That’s Leaving Soon For New York](https://www.youtube.com/watch?v=ElKVdkSRe0c&list=RDElKVdkSRe0c&start_radio=1) (starting at like 3:00) from the 1959 Porgy and Bess album he did with Gil Evans.  For my money, it’s gotta be Charlie Parker’s eighth notes on [Now’s The Time](https://www.youtube.com/watch?v=RP29Qn00_Nw&list=RDRP29Qn00_Nw&start_radio=1). I’m not generally in the charlie-parker-was-the-greatest-ever camp, but on this I do defect."
16,How to practice with metronome on 2 and 4,Lucky-Macaroon4958,1768435100.0,https://www.reddit.com/r/Jazz/comments/1qd3tfv/how_to_practice_with_metronome_on_2_and_4/,How to practice with metronome on 2 and 4. Sounds simple but sometimes I tend to go to 1 and 3 without even noticing and the entire feel changes     thank you everyone for the recommendations   seems like reps and taking everything slow is the best thing to do also to count out loud is decent   seems like once i get it i get and once im on 1 and 3 its hard to switch between them...completely different feel   its also way easier for me to stick to the 2 and 4 if im the one counting or tapping but if i use a metronome its hard for me to not think of it as 1 and 3   
17,Matteo Mancuso - Isla Feliz (feat. Antoine Boyer),Any_Size_9111,1768454854.0,https://youtube.com/watch?v=xFnfCyXmJEc&si=uAovK51fiU73cEgM,Matteo Mancuso - Isla Feliz (feat. Antoine Boyer). 
18,Al Di Meola tribute to Bob Weir,SeverHense,1768342431.0,https://i.redd.it/472c9pwxx6dg1.jpeg,Al Di Meola tribute to Bob Weir. 
19,NFTy Beats - Jazz'n at the Mod,NFTyBeatsRecords,1768453138.0,https://youtu.be/T2ZPbvXROGg?si=2gVObC47x-vfuQbq,NFTy Beats - Jazz'n at the Mod. 
20,Modulation in Tetradic Harmony and its Role in Jazz,O,0.0,http://arxiv.org/abs/1809.04755v1,"Modulation in Tetradic Harmony and its Role in Jazz. After a quick exposition of Mazzola's quantum modulation model for the so-called triadic interpretation of the major scale within the equal temperament, we study the model for the tetradic interpretation of the same scale. It is known that tetrads are fundamental for jazz music, and some classical objects for this kind of music are recovered."
21,Modulation in Tetradic Harmony and its Role in Jazz,G,0.0,http://arxiv.org/abs/1809.04755v1,"Modulation in Tetradic Harmony and its Role in Jazz. After a quick exposition of Mazzola's quantum modulation model for the so-called triadic interpretation of the major scale within the equal temperament, we study the model for the tetradic interpretation of the same scale. It is known that tetrads are fundamental for jazz music, and some classical objects for this kind of music are recovered."
22,Community Structure in Jazz,P,0.0,http://arxiv.org/abs/cond-mat/0307434v2,"Community Structure in Jazz. Using a database of jazz recordings we study the collaboration network of jazz musicians. We define the network at two different levels. First we study the collaboration network between individuals, where two musicians are connected if they have played in the same band. Then we consider the collaboration between bands, where two bands are connected if they have a musician in common. The community structure analysis reveals that these constructions capture essential ingredients of the social interactions between jazz musicians. We observe correlations between recording locations, racial segregation and the community structure. A quantitative analysis of the community size distribution reveals a surprising similarity with an e-mail based social network recently studied."
23,Community Structure in Jazz,L,0.0,http://arxiv.org/abs/cond-mat/0307434v2,"Community Structure in Jazz. Using a database of jazz recordings we study the collaboration network of jazz musicians. We define the network at two different levels. First we study the collaboration network between individuals, where two musicians are connected if they have played in the same band. Then we consider the collaboration between bands, where two bands are connected if they have a musician in common. The community structure analysis reveals that these constructions capture essential ingredients of the social interactions between jazz musicians. We observe correlations between recording locations, racial segregation and the community structure. A quantitative analysis of the community size distribution reveals a surprising similarity with an e-mail based social network recently studied."
24,Improving Automatic Jazz Melody Generation by Transfer Learning Techniques,H,0.0,http://arxiv.org/abs/1908.09484v1,"Improving Automatic Jazz Melody Generation by Transfer Learning Techniques. In this paper, we tackle the problem of transfer learning for Jazz automatic generation. Jazz is one of representative types of music, but the lack of Jazz data in the MIDI format hinders the construction of a generative model for Jazz. Transfer learning is an approach aiming to solve the problem of data insufficiency, so as to transfer the common feature from one domain to another. In view of its success in other machine learning problems, we investigate whether, and how much, it can help improve automatic music generation for under-resourced musical genres. Specifically, we use a recurrent variational autoencoder as the generative model, and use a genre-unspecified dataset as the source dataset and a Jazz-only dataset as the target dataset. Two transfer learning methods are evaluated using six levels of source-to-target data ratios. The first method is to train the model on the source dataset, and then fine-tune the resulting model parameters on the target dataset. The second method is to train the model on both the source and target datasets at the same time, but add genre labels to the latent vectors and use a genre classifier to improve Jazz generation. The evaluation results show that the second method seems to perform better overall, but it cannot take full advantage of the genre-unspecified dataset."
25,Improving Automatic Jazz Melody Generation by Transfer Learning Techniques,C,0.0,http://arxiv.org/abs/1908.09484v1,"Improving Automatic Jazz Melody Generation by Transfer Learning Techniques. In this paper, we tackle the problem of transfer learning for Jazz automatic generation. Jazz is one of representative types of music, but the lack of Jazz data in the MIDI format hinders the construction of a generative model for Jazz. Transfer learning is an approach aiming to solve the problem of data insufficiency, so as to transfer the common feature from one domain to another. In view of its success in other machine learning problems, we investigate whether, and how much, it can help improve automatic music generation for under-resourced musical genres. Specifically, we use a recurrent variational autoencoder as the generative model, and use a genre-unspecified dataset as the source dataset and a Jazz-only dataset as the target dataset. Two transfer learning methods are evaluated using six levels of source-to-target data ratios. The first method is to train the model on the source dataset, and then fine-tune the resulting model parameters on the target dataset. The second method is to train the model on both the source and target datasets at the same time, but add genre labels to the latent vectors and use a genre classifier to improve Jazz generation. The evaluation results show that the second method seems to perform better overall, but it cannot take full advantage of the genre-unspecified dataset."
26,Improving Automatic Jazz Melody Generation by Transfer Learning Techniques,Y,0.0,http://arxiv.org/abs/1908.09484v1,"Improving Automatic Jazz Melody Generation by Transfer Learning Techniques. In this paper, we tackle the problem of transfer learning for Jazz automatic generation. Jazz is one of representative types of music, but the lack of Jazz data in the MIDI format hinders the construction of a generative model for Jazz. Transfer learning is an approach aiming to solve the problem of data insufficiency, so as to transfer the common feature from one domain to another. In view of its success in other machine learning problems, we investigate whether, and how much, it can help improve automatic music generation for under-resourced musical genres. Specifically, we use a recurrent variational autoencoder as the generative model, and use a genre-unspecified dataset as the source dataset and a Jazz-only dataset as the target dataset. Two transfer learning methods are evaluated using six levels of source-to-target data ratios. The first method is to train the model on the source dataset, and then fine-tune the resulting model parameters on the target dataset. The second method is to train the model on both the source and target datasets at the same time, but add genre labels to the latent vectors and use a genre classifier to improve Jazz generation. The evaluation results show that the second method seems to perform better overall, but it cannot take full advantage of the genre-unspecified dataset."
27,Improving Automatic Jazz Melody Generation by Transfer Learning Techniques,H,0.0,http://arxiv.org/abs/1908.09484v1,"Improving Automatic Jazz Melody Generation by Transfer Learning Techniques. In this paper, we tackle the problem of transfer learning for Jazz automatic generation. Jazz is one of representative types of music, but the lack of Jazz data in the MIDI format hinders the construction of a generative model for Jazz. Transfer learning is an approach aiming to solve the problem of data insufficiency, so as to transfer the common feature from one domain to another. In view of its success in other machine learning problems, we investigate whether, and how much, it can help improve automatic music generation for under-resourced musical genres. Specifically, we use a recurrent variational autoencoder as the generative model, and use a genre-unspecified dataset as the source dataset and a Jazz-only dataset as the target dataset. Two transfer learning methods are evaluated using six levels of source-to-target data ratios. The first method is to train the model on the source dataset, and then fine-tune the resulting model parameters on the target dataset. The second method is to train the model on both the source and target datasets at the same time, but add genre labels to the latent vectors and use a genre classifier to improve Jazz generation. The evaluation results show that the second method seems to perform better overall, but it cannot take full advantage of the genre-unspecified dataset."
28,FiloBass: A Dataset and Corpus Based Study of Jazz Basslines,X,0.0,http://arxiv.org/abs/2311.02023v1,"FiloBass: A Dataset and Corpus Based Study of Jazz Basslines. We present FiloBass: a novel corpus of music scores and annotations which focuses on the important but often overlooked role of the double bass in jazz accompaniment. Inspired by recent work that sheds light on the role of the soloist, we offer a collection of 48 manually verified transcriptions of professional jazz bassists, comprising over 50,000 note events, which are based on the backing tracks used in the FiloSax dataset. For each recording we provide audio stems, scores, performance-aligned MIDI and associated metadata for beats, downbeats, chord symbols and markers for musical form.   We then use FiloBass to enrich our understanding of jazz bass lines, by conducting a corpus-based musical analysis with a contrastive study of existing instructional methods. Together with the original FiloSax dataset, our work represents a significant step toward a fully annotated performance dataset for a jazz quartet setting. By illuminating the critical role of the bass in jazz, this work contributes to a more nuanced and comprehensive understanding of the genre."
29,FiloBass: A Dataset and Corpus Based Study of Jazz Basslines,S,0.0,http://arxiv.org/abs/2311.02023v1,"FiloBass: A Dataset and Corpus Based Study of Jazz Basslines. We present FiloBass: a novel corpus of music scores and annotations which focuses on the important but often overlooked role of the double bass in jazz accompaniment. Inspired by recent work that sheds light on the role of the soloist, we offer a collection of 48 manually verified transcriptions of professional jazz bassists, comprising over 50,000 note events, which are based on the backing tracks used in the FiloSax dataset. For each recording we provide audio stems, scores, performance-aligned MIDI and associated metadata for beats, downbeats, chord symbols and markers for musical form.   We then use FiloBass to enrich our understanding of jazz bass lines, by conducting a corpus-based musical analysis with a contrastive study of existing instructional methods. Together with the original FiloSax dataset, our work represents a significant step toward a fully annotated performance dataset for a jazz quartet setting. By illuminating the critical role of the bass in jazz, this work contributes to a more nuanced and comprehensive understanding of the genre."
30,JAZZVAR: A Dataset of Variations found within Solo Piano Performances of Jazz Standards for Music Overpainting,E,0.0,http://arxiv.org/abs/2307.09670v1,"JAZZVAR: A Dataset of Variations found within Solo Piano Performances of Jazz Standards for Music Overpainting. Jazz pianists often uniquely interpret jazz standards. Passages from these interpretations can be viewed as sections of variation. We manually extracted such variations from solo jazz piano performances. The JAZZVAR dataset is a collection of 502 pairs of Variation and Original MIDI segments. Each Variation in the dataset is accompanied by a corresponding Original segment containing the melody and chords from the original jazz standard. Our approach differs from many existing jazz datasets in the music information retrieval (MIR) community, which often focus on improvisation sections within jazz performances. In this paper, we outline the curation process for obtaining and sorting the repertoire, the pipeline for creating the Original and Variation pairs, and our analysis of the dataset. We also introduce a new generative music task, Music Overpainting, and present a baseline Transformer model trained on the JAZZVAR dataset for this task. Other potential applications of our dataset include expressive performance analysis and performer identification."
31,JAZZVAR: A Dataset of Variations found within Solo Piano Performances of Jazz Standards for Music Overpainting,J,0.0,http://arxiv.org/abs/2307.09670v1,"JAZZVAR: A Dataset of Variations found within Solo Piano Performances of Jazz Standards for Music Overpainting. Jazz pianists often uniquely interpret jazz standards. Passages from these interpretations can be viewed as sections of variation. We manually extracted such variations from solo jazz piano performances. The JAZZVAR dataset is a collection of 502 pairs of Variation and Original MIDI segments. Each Variation in the dataset is accompanied by a corresponding Original segment containing the melody and chords from the original jazz standard. Our approach differs from many existing jazz datasets in the music information retrieval (MIR) community, which often focus on improvisation sections within jazz performances. In this paper, we outline the curation process for obtaining and sorting the repertoire, the pipeline for creating the Original and Variation pairs, and our analysis of the dataset. We also introduce a new generative music task, Music Overpainting, and present a baseline Transformer model trained on the JAZZVAR dataset for this task. Other potential applications of our dataset include expressive performance analysis and performer identification."
32,JAZZVAR: A Dataset of Variations found within Solo Piano Performances of Jazz Standards for Music Overpainting,G,0.0,http://arxiv.org/abs/2307.09670v1,"JAZZVAR: A Dataset of Variations found within Solo Piano Performances of Jazz Standards for Music Overpainting. Jazz pianists often uniquely interpret jazz standards. Passages from these interpretations can be viewed as sections of variation. We manually extracted such variations from solo jazz piano performances. The JAZZVAR dataset is a collection of 502 pairs of Variation and Original MIDI segments. Each Variation in the dataset is accompanied by a corresponding Original segment containing the melody and chords from the original jazz standard. Our approach differs from many existing jazz datasets in the music information retrieval (MIR) community, which often focus on improvisation sections within jazz performances. In this paper, we outline the curation process for obtaining and sorting the repertoire, the pipeline for creating the Original and Variation pairs, and our analysis of the dataset. We also introduce a new generative music task, Music Overpainting, and present a baseline Transformer model trained on the JAZZVAR dataset for this task. Other potential applications of our dataset include expressive performance analysis and performer identification."
33,Does it Swing? Microtiming Deviations and Swing Feeling in Jazz,G,0.0,http://arxiv.org/abs/1904.03442v1,"Does it Swing? Microtiming Deviations and Swing Feeling in Jazz. Jazz music that swings has the fascinating power to elicit a pleasant sensation of flow in listeners and the desire to synchronize body movements with the music. Whether microtiming deviations (MTDs), i.e. small timing deviations below the bar or phrase level, enhance the feeling of swing is highly debated in the current literature. Studies on other groove related genres did not find evidence for a positive impact of MTDs. The present study addresses jazz music and swing in particular, as there is some evidence that microtiming patterns are genre-specific. We recorded twelve piano jazz standards played by a professional pianist and manipulated the natural MTDs of the recordings in systematic ways by quantizing, expanding and inverting them. MTDs were defined with respect to a grid determined by the average swing ratio. The original and manipulated versions were presented in an online survey and evaluated by 160 listeners with various musical skill levels and backgrounds. Across pieces the quantized versions (without MTDs) were rated slightly higher and versions with expanded MTDs were rated lower with regard to swing than the original recordings. Unexpectedly, inversion had no impact on swing ratings except for two pieces. Our results suggest that naturally fluctuating MTDs are not an essential factor for the feeling of swing."
34,Does it Swing? Microtiming Deviations and Swing Feeling in Jazz,A,0.0,http://arxiv.org/abs/1904.03442v1,"Does it Swing? Microtiming Deviations and Swing Feeling in Jazz. Jazz music that swings has the fascinating power to elicit a pleasant sensation of flow in listeners and the desire to synchronize body movements with the music. Whether microtiming deviations (MTDs), i.e. small timing deviations below the bar or phrase level, enhance the feeling of swing is highly debated in the current literature. Studies on other groove related genres did not find evidence for a positive impact of MTDs. The present study addresses jazz music and swing in particular, as there is some evidence that microtiming patterns are genre-specific. We recorded twelve piano jazz standards played by a professional pianist and manipulated the natural MTDs of the recordings in systematic ways by quantizing, expanding and inverting them. MTDs were defined with respect to a grid determined by the average swing ratio. The original and manipulated versions were presented in an online survey and evaluated by 160 listeners with various musical skill levels and backgrounds. Across pieces the quantized versions (without MTDs) were rated slightly higher and versions with expanded MTDs were rated lower with regard to swing than the original recordings. Unexpectedly, inversion had no impact on swing ratings except for two pieces. Our results suggest that naturally fluctuating MTDs are not an essential factor for the feeling of swing."
35,Does it Swing? Microtiming Deviations and Swing Feeling in Jazz,T,0.0,http://arxiv.org/abs/1904.03442v1,"Does it Swing? Microtiming Deviations and Swing Feeling in Jazz. Jazz music that swings has the fascinating power to elicit a pleasant sensation of flow in listeners and the desire to synchronize body movements with the music. Whether microtiming deviations (MTDs), i.e. small timing deviations below the bar or phrase level, enhance the feeling of swing is highly debated in the current literature. Studies on other groove related genres did not find evidence for a positive impact of MTDs. The present study addresses jazz music and swing in particular, as there is some evidence that microtiming patterns are genre-specific. We recorded twelve piano jazz standards played by a professional pianist and manipulated the natural MTDs of the recordings in systematic ways by quantizing, expanding and inverting them. MTDs were defined with respect to a grid determined by the average swing ratio. The original and manipulated versions were presented in an online survey and evaluated by 160 listeners with various musical skill levels and backgrounds. Across pieces the quantized versions (without MTDs) were rated slightly higher and versions with expanded MTDs were rated lower with regard to swing than the original recordings. Unexpectedly, inversion had no impact on swing ratings except for two pieces. Our results suggest that naturally fluctuating MTDs are not an essential factor for the feeling of swing."
36,Does it Swing? Microtiming Deviations and Swing Feeling in Jazz,Y,0.0,http://arxiv.org/abs/1904.03442v1,"Does it Swing? Microtiming Deviations and Swing Feeling in Jazz. Jazz music that swings has the fascinating power to elicit a pleasant sensation of flow in listeners and the desire to synchronize body movements with the music. Whether microtiming deviations (MTDs), i.e. small timing deviations below the bar or phrase level, enhance the feeling of swing is highly debated in the current literature. Studies on other groove related genres did not find evidence for a positive impact of MTDs. The present study addresses jazz music and swing in particular, as there is some evidence that microtiming patterns are genre-specific. We recorded twelve piano jazz standards played by a professional pianist and manipulated the natural MTDs of the recordings in systematic ways by quantizing, expanding and inverting them. MTDs were defined with respect to a grid determined by the average swing ratio. The original and manipulated versions were presented in an online survey and evaluated by 160 listeners with various musical skill levels and backgrounds. Across pieces the quantized versions (without MTDs) were rated slightly higher and versions with expanded MTDs were rated lower with regard to swing than the original recordings. Unexpectedly, inversion had no impact on swing ratings except for two pieces. Our results suggest that naturally fluctuating MTDs are not an essential factor for the feeling of swing."
37,Does it Swing? Microtiming Deviations and Swing Feeling in Jazz,V,0.0,http://arxiv.org/abs/1904.03442v1,"Does it Swing? Microtiming Deviations and Swing Feeling in Jazz. Jazz music that swings has the fascinating power to elicit a pleasant sensation of flow in listeners and the desire to synchronize body movements with the music. Whether microtiming deviations (MTDs), i.e. small timing deviations below the bar or phrase level, enhance the feeling of swing is highly debated in the current literature. Studies on other groove related genres did not find evidence for a positive impact of MTDs. The present study addresses jazz music and swing in particular, as there is some evidence that microtiming patterns are genre-specific. We recorded twelve piano jazz standards played by a professional pianist and manipulated the natural MTDs of the recordings in systematic ways by quantizing, expanding and inverting them. MTDs were defined with respect to a grid determined by the average swing ratio. The original and manipulated versions were presented in an online survey and evaluated by 160 listeners with various musical skill levels and backgrounds. Across pieces the quantized versions (without MTDs) were rated slightly higher and versions with expanded MTDs were rated lower with regard to swing than the original recordings. Unexpectedly, inversion had no impact on swing ratings except for two pieces. Our results suggest that naturally fluctuating MTDs are not an essential factor for the feeling of swing."
38,Does it Swing? Microtiming Deviations and Swing Feeling in Jazz,T,0.0,http://arxiv.org/abs/1904.03442v1,"Does it Swing? Microtiming Deviations and Swing Feeling in Jazz. Jazz music that swings has the fascinating power to elicit a pleasant sensation of flow in listeners and the desire to synchronize body movements with the music. Whether microtiming deviations (MTDs), i.e. small timing deviations below the bar or phrase level, enhance the feeling of swing is highly debated in the current literature. Studies on other groove related genres did not find evidence for a positive impact of MTDs. The present study addresses jazz music and swing in particular, as there is some evidence that microtiming patterns are genre-specific. We recorded twelve piano jazz standards played by a professional pianist and manipulated the natural MTDs of the recordings in systematic ways by quantizing, expanding and inverting them. MTDs were defined with respect to a grid determined by the average swing ratio. The original and manipulated versions were presented in an online survey and evaluated by 160 listeners with various musical skill levels and backgrounds. Across pieces the quantized versions (without MTDs) were rated slightly higher and versions with expanded MTDs were rated lower with regard to swing than the original recordings. Unexpectedly, inversion had no impact on swing ratings except for two pieces. Our results suggest that naturally fluctuating MTDs are not an essential factor for the feeling of swing."
39,Optical Music Recognition of Jazz Lead Sheets,J,0.0,http://arxiv.org/abs/2509.05329v1,"Optical Music Recognition of Jazz Lead Sheets. In this paper, we address the challenge of Optical Music Recognition (OMR) for handwritten jazz lead sheets, a widely used musical score type that encodes melody and chords. The task is challenging due to the presence of chords, a score component not handled by existing OMR systems, and the high variability and quality issues associated with handwritten images. Our contribution is two-fold. We present a novel dataset consisting of 293 handwritten jazz lead sheets of 163 unique pieces, amounting to 2021 total staves aligned with Humdrum **kern and MusicXML ground truth scores. We also supply synthetic score images generated from the ground truth. The second contribution is the development of an OMR model for jazz lead sheets. We discuss specific tokenisation choices related to our kind of data, and the advantages of using synthetic scores and pretrained models. We publicly release all code, data, and models."
40,Optical Music Recognition of Jazz Lead Sheets,F,0.0,http://arxiv.org/abs/2509.05329v1,"Optical Music Recognition of Jazz Lead Sheets. In this paper, we address the challenge of Optical Music Recognition (OMR) for handwritten jazz lead sheets, a widely used musical score type that encodes melody and chords. The task is challenging due to the presence of chords, a score component not handled by existing OMR systems, and the high variability and quality issues associated with handwritten images. Our contribution is two-fold. We present a novel dataset consisting of 293 handwritten jazz lead sheets of 163 unique pieces, amounting to 2021 total staves aligned with Humdrum **kern and MusicXML ground truth scores. We also supply synthetic score images generated from the ground truth. The second contribution is the development of an OMR model for jazz lead sheets. We discuss specific tokenisation choices related to our kind of data, and the advantages of using synthetic scores and pretrained models. We publicly release all code, data, and models."
41,Optical Music Recognition of Jazz Lead Sheets,P,0.0,http://arxiv.org/abs/2509.05329v1,"Optical Music Recognition of Jazz Lead Sheets. In this paper, we address the challenge of Optical Music Recognition (OMR) for handwritten jazz lead sheets, a widely used musical score type that encodes melody and chords. The task is challenging due to the presence of chords, a score component not handled by existing OMR systems, and the high variability and quality issues associated with handwritten images. Our contribution is two-fold. We present a novel dataset consisting of 293 handwritten jazz lead sheets of 163 unique pieces, amounting to 2021 total staves aligned with Humdrum **kern and MusicXML ground truth scores. We also supply synthetic score images generated from the ground truth. The second contribution is the development of an OMR model for jazz lead sheets. We discuss specific tokenisation choices related to our kind of data, and the advantages of using synthetic scores and pretrained models. We publicly release all code, data, and models."
42,Optical Music Recognition of Jazz Lead Sheets,D,0.0,http://arxiv.org/abs/2509.05329v1,"Optical Music Recognition of Jazz Lead Sheets. In this paper, we address the challenge of Optical Music Recognition (OMR) for handwritten jazz lead sheets, a widely used musical score type that encodes melody and chords. The task is challenging due to the presence of chords, a score component not handled by existing OMR systems, and the high variability and quality issues associated with handwritten images. Our contribution is two-fold. We present a novel dataset consisting of 293 handwritten jazz lead sheets of 163 unique pieces, amounting to 2021 total staves aligned with Humdrum **kern and MusicXML ground truth scores. We also supply synthetic score images generated from the ground truth. The second contribution is the development of an OMR model for jazz lead sheets. We discuss specific tokenisation choices related to our kind of data, and the advantages of using synthetic scores and pretrained models. We publicly release all code, data, and models."
43,Optical Music Recognition of Jazz Lead Sheets,J,0.0,http://arxiv.org/abs/2509.05329v1,"Optical Music Recognition of Jazz Lead Sheets. In this paper, we address the challenge of Optical Music Recognition (OMR) for handwritten jazz lead sheets, a widely used musical score type that encodes melody and chords. The task is challenging due to the presence of chords, a score component not handled by existing OMR systems, and the high variability and quality issues associated with handwritten images. Our contribution is two-fold. We present a novel dataset consisting of 293 handwritten jazz lead sheets of 163 unique pieces, amounting to 2021 total staves aligned with Humdrum **kern and MusicXML ground truth scores. We also supply synthetic score images generated from the ground truth. The second contribution is the development of an OMR model for jazz lead sheets. We discuss specific tokenisation choices related to our kind of data, and the advantages of using synthetic scores and pretrained models. We publicly release all code, data, and models."
44,Optical Music Recognition of Jazz Lead Sheets,G,0.0,http://arxiv.org/abs/2509.05329v1,"Optical Music Recognition of Jazz Lead Sheets. In this paper, we address the challenge of Optical Music Recognition (OMR) for handwritten jazz lead sheets, a widely used musical score type that encodes melody and chords. The task is challenging due to the presence of chords, a score component not handled by existing OMR systems, and the high variability and quality issues associated with handwritten images. Our contribution is two-fold. We present a novel dataset consisting of 293 handwritten jazz lead sheets of 163 unique pieces, amounting to 2021 total staves aligned with Humdrum **kern and MusicXML ground truth scores. We also supply synthetic score images generated from the ground truth. The second contribution is the development of an OMR model for jazz lead sheets. We discuss specific tokenisation choices related to our kind of data, and the advantages of using synthetic scores and pretrained models. We publicly release all code, data, and models."
45,Comparative Assessment of Markov Models and Recurrent Neural Networks for Jazz Music Generation,C,0.0,http://arxiv.org/abs/2309.08027v1,"Comparative Assessment of Markov Models and Recurrent Neural Networks for Jazz Music Generation. As generative models have risen in popularity, a domain that has risen alongside is generative models for music. Our study aims to compare the performance of a simple Markov chain model and a recurrent neural network (RNN) model, two popular models for sequence generating tasks, in jazz music improvisation. While music, especially jazz, remains subjective in telling whether a composition is ""good"" or ""bad"", we aim to quantify our results using metrics of groove pattern similarity and pitch class histogram entropy. We trained both models using transcriptions of jazz blues choruses from professional jazz players, and also fed musical jazz seeds to help give our model some context in beginning the generation. Our results show that the RNN outperforms the Markov model on both of our metrics, indicating better rhythmic consistency and tonal stability in the generated music. Through the use of music21 library, we tokenized our jazz dataset into pitches and durations that our model could interpret and train on. Our findings contribute to the growing field of AI-generated music, highlighting the important use of metrics to assess generation quality. Future work includes expanding the dataset of MIDI files to a larger scale, conducting human surveys for subjective evaluations, and incorporating additional metrics to address the challenge of subjectivity in music evaluation. Our study provides valuable insight into the use of recurrent neural networks for sequential based tasks like generating music."
46,Comparative Assessment of Markov Models and Recurrent Neural Networks for Jazz Music Generation,R,0.0,http://arxiv.org/abs/2309.08027v1,"Comparative Assessment of Markov Models and Recurrent Neural Networks for Jazz Music Generation. As generative models have risen in popularity, a domain that has risen alongside is generative models for music. Our study aims to compare the performance of a simple Markov chain model and a recurrent neural network (RNN) model, two popular models for sequence generating tasks, in jazz music improvisation. While music, especially jazz, remains subjective in telling whether a composition is ""good"" or ""bad"", we aim to quantify our results using metrics of groove pattern similarity and pitch class histogram entropy. We trained both models using transcriptions of jazz blues choruses from professional jazz players, and also fed musical jazz seeds to help give our model some context in beginning the generation. Our results show that the RNN outperforms the Markov model on both of our metrics, indicating better rhythmic consistency and tonal stability in the generated music. Through the use of music21 library, we tokenized our jazz dataset into pitches and durations that our model could interpret and train on. Our findings contribute to the growing field of AI-generated music, highlighting the important use of metrics to assess generation quality. Future work includes expanding the dataset of MIDI files to a larger scale, conducting human surveys for subjective evaluations, and incorporating additional metrics to address the challenge of subjectivity in music evaluation. Our study provides valuable insight into the use of recurrent neural networks for sequential based tasks like generating music."
47,The Jazz Transformer on the Front Line: Exploring the Shortcomings of AI-composed Music through Quantitative Measures,S,0.0,http://arxiv.org/abs/2008.01307v1,"The Jazz Transformer on the Front Line: Exploring the Shortcomings of AI-composed Music through Quantitative Measures. This paper presents the Jazz Transformer, a generative model that utilizes a neural sequence model called the Transformer-XL for modeling lead sheets of Jazz music. Moreover, the model endeavors to incorporate structural events present in the Weimar Jazz Database (WJazzD) for inducing structures in the generated music. While we are able to reduce the training loss to a low value, our listening test suggests however a clear gap between the average ratings of the generated and real compositions. We therefore go one step further and conduct a series of computational analysis of the generated compositions from different perspectives. This includes analyzing the statistics of the pitch class, grooving, and chord progression, assessing the structureness of the music with the help of the fitness scape plot, and evaluating the model's understanding of Jazz music through a MIREX-like continuation prediction task. Our work presents in an analytical manner why machine-generated music to date still falls short of the artwork of humanity, and sets some goals for future work on automatic composition to further pursue."
48,The Jazz Transformer on the Front Line: Exploring the Shortcomings of AI-composed Music through Quantitative Measures,Y,0.0,http://arxiv.org/abs/2008.01307v1,"The Jazz Transformer on the Front Line: Exploring the Shortcomings of AI-composed Music through Quantitative Measures. This paper presents the Jazz Transformer, a generative model that utilizes a neural sequence model called the Transformer-XL for modeling lead sheets of Jazz music. Moreover, the model endeavors to incorporate structural events present in the Weimar Jazz Database (WJazzD) for inducing structures in the generated music. While we are able to reduce the training loss to a low value, our listening test suggests however a clear gap between the average ratings of the generated and real compositions. We therefore go one step further and conduct a series of computational analysis of the generated compositions from different perspectives. This includes analyzing the statistics of the pitch class, grooving, and chord progression, assessing the structureness of the music with the help of the fitness scape plot, and evaluating the model's understanding of Jazz music through a MIREX-like continuation prediction task. Our work presents in an analytical manner why machine-generated music to date still falls short of the artwork of humanity, and sets some goals for future work on automatic composition to further pursue."
49,Correlated microtiming deviations in jazz and rock music,M,0.0,http://arxiv.org/abs/1710.05608v1,"Correlated microtiming deviations in jazz and rock music. Musical rhythms performed by humans typically show temporal fluctuations. While they have been characterized in simple rhythmic tasks, it is an open question what is the nature of temporal fluctuations, when several musicians perform music jointly in all its natural complexity. To study such fluctuations in over 100 original jazz and rock/pop recordings played with and without metronome we developed a semi-automated workflow allowing the extraction of cymbal beat onsets with millisecond precision. Analyzing the inter-beat interval (IBI) time series revealed evidence for two long-range correlated processes characterized by power laws in the IBI power spectral densities. One process dominates on short timescales ($t < 8$ beats) and reflects microtiming variability in the generation of single beats. The other dominates on longer timescales and reflects slow tempo variations. Whereas the latter did not show differences between musical genres (jazz vs. rock/pop), the process on short timescales showed higher variability for jazz recordings, indicating that jazz makes stronger use of microtiming fluctuations within a measure than rock/pop. Our results elucidate principles of rhythmic performance and can inspire algorithms for artificial music generation. By studying microtiming fluctuations in original music recordings, we bridge the gap between minimalistic tapping paradigms and expressive rhythmic performances."
50,Correlated microtiming deviations in jazz and rock music,T,0.0,http://arxiv.org/abs/1710.05608v1,"Correlated microtiming deviations in jazz and rock music. Musical rhythms performed by humans typically show temporal fluctuations. While they have been characterized in simple rhythmic tasks, it is an open question what is the nature of temporal fluctuations, when several musicians perform music jointly in all its natural complexity. To study such fluctuations in over 100 original jazz and rock/pop recordings played with and without metronome we developed a semi-automated workflow allowing the extraction of cymbal beat onsets with millisecond precision. Analyzing the inter-beat interval (IBI) time series revealed evidence for two long-range correlated processes characterized by power laws in the IBI power spectral densities. One process dominates on short timescales ($t < 8$ beats) and reflects microtiming variability in the generation of single beats. The other dominates on longer timescales and reflects slow tempo variations. Whereas the latter did not show differences between musical genres (jazz vs. rock/pop), the process on short timescales showed higher variability for jazz recordings, indicating that jazz makes stronger use of microtiming fluctuations within a measure than rock/pop. Our results elucidate principles of rhythmic performance and can inspire algorithms for artificial music generation. By studying microtiming fluctuations in original music recordings, we bridge the gap between minimalistic tapping paradigms and expressive rhythmic performances."
51,Correlated microtiming deviations in jazz and rock music,V,0.0,http://arxiv.org/abs/1710.05608v1,"Correlated microtiming deviations in jazz and rock music. Musical rhythms performed by humans typically show temporal fluctuations. While they have been characterized in simple rhythmic tasks, it is an open question what is the nature of temporal fluctuations, when several musicians perform music jointly in all its natural complexity. To study such fluctuations in over 100 original jazz and rock/pop recordings played with and without metronome we developed a semi-automated workflow allowing the extraction of cymbal beat onsets with millisecond precision. Analyzing the inter-beat interval (IBI) time series revealed evidence for two long-range correlated processes characterized by power laws in the IBI power spectral densities. One process dominates on short timescales ($t < 8$ beats) and reflects microtiming variability in the generation of single beats. The other dominates on longer timescales and reflects slow tempo variations. Whereas the latter did not show differences between musical genres (jazz vs. rock/pop), the process on short timescales showed higher variability for jazz recordings, indicating that jazz makes stronger use of microtiming fluctuations within a measure than rock/pop. Our results elucidate principles of rhythmic performance and can inspire algorithms for artificial music generation. By studying microtiming fluctuations in original music recordings, we bridge the gap between minimalistic tapping paradigms and expressive rhythmic performances."
52,Forbidden triads and Creative Success in Jazz: The Miles Davis Factor,B,0.0,http://arxiv.org/abs/1709.03787v1,"Forbidden triads and Creative Success in Jazz: The Miles Davis Factor. This article argues for the importance of forbidden triads - open triads with high-weight edges - in predicting success in creative fields. Forbidden triads had been treated as a residual category beyond closed and open triads, yet I argue that these structures provide opportunities to combine socially evolved styles in new ways. Using data on the entire history of recorded jazz from 1896 to 2010, I show that observed collaborations have tolerated the openness of high weight triads more than expected, observed jazz sessions had more forbidden triads than expected, and the density of forbidden triads contributed to the success of recording sessions, measured by the number of record releases of session material. The article also shows that the sessions of Miles Davis had received an especially high boost from forbidden triads."
53,Reinforcement Learning Jazz Improvisation: When Music Meets Game Theory,V,0.0,http://arxiv.org/abs/2403.03224v1,"Reinforcement Learning Jazz Improvisation: When Music Meets Game Theory. Live performances of music are always charming, with the unpredictability of improvisation due to the dynamic between musicians and interactions with the audience. Jazz improvisation is a particularly noteworthy example for further investigation from a theoretical perspective. Here, we introduce a novel mathematical game theory model for jazz improvisation, providing a framework for studying music theory and improvisational methodologies. We use computational modeling, mainly reinforcement learning, to explore diverse stochastic improvisational strategies and their paired performance on improvisation. We find that the most effective strategy pair is a strategy that reacts to the most recent payoff (Stepwise Changes) with a reinforcement learning strategy limited to notes in the given chord (Chord-Following Reinforcement Learning). Conversely, a strategy that reacts to the partner's last note and attempts to harmonize with it (Harmony Prediction) strategy pair yields the lowest non-control payoff and highest standard deviation, indicating that picking notes based on immediate reactions to the partner player can yield inconsistent outcomes. On average, the Chord-Following Reinforcement Learning strategy demonstrates the highest mean payoff, while Harmony Prediction exhibits the lowest. Our work lays the foundation for promising applications beyond jazz: including the use of artificial intelligence (AI) models to extract data from audio clips to refine musical reward systems, and training machine learning (ML) models on existing jazz solos to further refine strategies within the game."
54,Reinforcement Learning Jazz Improvisation: When Music Meets Game Theory,J,0.0,http://arxiv.org/abs/2403.03224v1,"Reinforcement Learning Jazz Improvisation: When Music Meets Game Theory. Live performances of music are always charming, with the unpredictability of improvisation due to the dynamic between musicians and interactions with the audience. Jazz improvisation is a particularly noteworthy example for further investigation from a theoretical perspective. Here, we introduce a novel mathematical game theory model for jazz improvisation, providing a framework for studying music theory and improvisational methodologies. We use computational modeling, mainly reinforcement learning, to explore diverse stochastic improvisational strategies and their paired performance on improvisation. We find that the most effective strategy pair is a strategy that reacts to the most recent payoff (Stepwise Changes) with a reinforcement learning strategy limited to notes in the given chord (Chord-Following Reinforcement Learning). Conversely, a strategy that reacts to the partner's last note and attempts to harmonize with it (Harmony Prediction) strategy pair yields the lowest non-control payoff and highest standard deviation, indicating that picking notes based on immediate reactions to the partner player can yield inconsistent outcomes. On average, the Chord-Following Reinforcement Learning strategy demonstrates the highest mean payoff, while Harmony Prediction exhibits the lowest. Our work lays the foundation for promising applications beyond jazz: including the use of artificial intelligence (AI) models to extract data from audio clips to refine musical reward systems, and training machine learning (ML) models on existing jazz solos to further refine strategies within the game."
55,Reinforcement Learning Jazz Improvisation: When Music Meets Game Theory,S,0.0,http://arxiv.org/abs/2403.03224v1,"Reinforcement Learning Jazz Improvisation: When Music Meets Game Theory. Live performances of music are always charming, with the unpredictability of improvisation due to the dynamic between musicians and interactions with the audience. Jazz improvisation is a particularly noteworthy example for further investigation from a theoretical perspective. Here, we introduce a novel mathematical game theory model for jazz improvisation, providing a framework for studying music theory and improvisational methodologies. We use computational modeling, mainly reinforcement learning, to explore diverse stochastic improvisational strategies and their paired performance on improvisation. We find that the most effective strategy pair is a strategy that reacts to the most recent payoff (Stepwise Changes) with a reinforcement learning strategy limited to notes in the given chord (Chord-Following Reinforcement Learning). Conversely, a strategy that reacts to the partner's last note and attempts to harmonize with it (Harmony Prediction) strategy pair yields the lowest non-control payoff and highest standard deviation, indicating that picking notes based on immediate reactions to the partner player can yield inconsistent outcomes. On average, the Chord-Following Reinforcement Learning strategy demonstrates the highest mean payoff, while Harmony Prediction exhibits the lowest. Our work lays the foundation for promising applications beyond jazz: including the use of artificial intelligence (AI) models to extract data from audio clips to refine musical reward systems, and training machine learning (ML) models on existing jazz solos to further refine strategies within the game."
56,Reinforcement Learning Jazz Improvisation: When Music Meets Game Theory,F,0.0,http://arxiv.org/abs/2403.03224v1,"Reinforcement Learning Jazz Improvisation: When Music Meets Game Theory. Live performances of music are always charming, with the unpredictability of improvisation due to the dynamic between musicians and interactions with the audience. Jazz improvisation is a particularly noteworthy example for further investigation from a theoretical perspective. Here, we introduce a novel mathematical game theory model for jazz improvisation, providing a framework for studying music theory and improvisational methodologies. We use computational modeling, mainly reinforcement learning, to explore diverse stochastic improvisational strategies and their paired performance on improvisation. We find that the most effective strategy pair is a strategy that reacts to the most recent payoff (Stepwise Changes) with a reinforcement learning strategy limited to notes in the given chord (Chord-Following Reinforcement Learning). Conversely, a strategy that reacts to the partner's last note and attempts to harmonize with it (Harmony Prediction) strategy pair yields the lowest non-control payoff and highest standard deviation, indicating that picking notes based on immediate reactions to the partner player can yield inconsistent outcomes. On average, the Chord-Following Reinforcement Learning strategy demonstrates the highest mean payoff, while Harmony Prediction exhibits the lowest. Our work lays the foundation for promising applications beyond jazz: including the use of artificial intelligence (AI) models to extract data from audio clips to refine musical reward systems, and training machine learning (ML) models on existing jazz solos to further refine strategies within the game."
57,Exploring Transformer-Based Music Overpainting for Jazz Piano Variations,E,0.0,http://arxiv.org/abs/2412.04610v1,"Exploring Transformer-Based Music Overpainting for Jazz Piano Variations. This paper explores transformer-based models for music overpainting, focusing on jazz piano variations. Music overpainting generates new variations while preserving the melodic and harmonic structure of the input. Existing approaches are limited by small datasets, restricting scalability and diversity. We introduce VAR4000, a subset of a larger dataset for jazz piano performances, consisting of 4,352 training pairs. Using a semi-automatic pipeline, we evaluate two transformer configurations on VAR4000, comparing their performance with the smaller JAZZVAR dataset. Preliminary results show promising improvements in generalisation and performance with the larger dataset configuration, highlighting the potential of transformer models to scale effectively for music overpainting on larger and more diverse datasets."
58,Exploring Transformer-Based Music Overpainting for Jazz Piano Variations,I,0.0,http://arxiv.org/abs/2412.04610v1,"Exploring Transformer-Based Music Overpainting for Jazz Piano Variations. This paper explores transformer-based models for music overpainting, focusing on jazz piano variations. Music overpainting generates new variations while preserving the melodic and harmonic structure of the input. Existing approaches are limited by small datasets, restricting scalability and diversity. We introduce VAR4000, a subset of a larger dataset for jazz piano performances, consisting of 4,352 training pairs. Using a semi-automatic pipeline, we evaluate two transformer configurations on VAR4000, comparing their performance with the smaller JAZZVAR dataset. Preliminary results show promising improvements in generalisation and performance with the larger dataset configuration, highlighting the potential of transformer models to scale effectively for music overpainting on larger and more diverse datasets."
59,Exploring Transformer-Based Music Overpainting for Jazz Piano Variations,G,0.0,http://arxiv.org/abs/2412.04610v1,"Exploring Transformer-Based Music Overpainting for Jazz Piano Variations. This paper explores transformer-based models for music overpainting, focusing on jazz piano variations. Music overpainting generates new variations while preserving the melodic and harmonic structure of the input. Existing approaches are limited by small datasets, restricting scalability and diversity. We introduce VAR4000, a subset of a larger dataset for jazz piano performances, consisting of 4,352 training pairs. Using a semi-automatic pipeline, we evaluate two transformer configurations on VAR4000, comparing their performance with the smaller JAZZVAR dataset. Preliminary results show promising improvements in generalisation and performance with the larger dataset configuration, highlighting the potential of transformer models to scale effectively for music overpainting on larger and more diverse datasets."
60,"Lisp, Jazz, Aikido -- Three Expressions of a Single Essence",D,0.0,http://arxiv.org/abs/1804.00485v1,"Lisp, Jazz, Aikido -- Three Expressions of a Single Essence. The relation between Science (what we can explain) and Art (what we can't) has long been acknowledged and while every science contains an artistic part, every art form also needs a bit of science. Among all scientific disciplines, programming holds a special place for two reasons. First, the artistic part is not only undeniable but also essential. Second, and much like in a purely artistic discipline, the act of programming is driven partly by the notion of aesthetics: the pleasure we have in creating beautiful things. Even though the importance of aesthetics in the act of programming is now unquestioned, more could still be written on the subject. The field called ""psychology of programming"" focuses on the cognitive aspects of the activity, with the goal of improving the productivity of programmers. While many scientists have emphasized their concern for aesthetics and the impact it has on their activity, few computer scientists have actually written about their thought process while programming. What makes us like or dislike such and such language or paradigm? Why do we shape our programs the way we do? By answering these questions from the angle of aesthetics, we may be able to shed some new light on the art of programming. Starting from the assumption that aesthetics is an inherently transversal dimension, it should be possible for every programmer to find the same aesthetic driving force in every creative activity they undertake, not just programming, and in doing so, get deeper insight on why and how they do things the way they do. On the other hand, because our aesthetic sensitivities are so personal, all we can really do is relate our own experiences and share it with others, in the hope that it will inspire them to do the same. My personal life has been revolving around three major creative activities, of equal importance: programming in Lisp, playing Jazz music, and practicing Aikido. But why so many of them, why so different ones, and why these specifically? By introspecting my personal aesthetic sensitivities, I eventually realized that my tastes in the scientific, artistic, and physical domains are all motivated by the same driving forces, hence unifying Lisp, Jazz, and Aikido as three expressions of a single essence, not so different after all. Lisp, Jazz, and Aikido are governed by a limited set of rules which remain simple and unobtrusive. Conforming to them is a pleasure. Because Lisp, Jazz, and Aikido are inherently introspective disciplines, they also invite you to transgress the rules in order to find your own. Breaking the rules is fun. Finally, if Lisp, Jazz, and Aikido unify so many paradigms, styles, or techniques, it is not by mere accumulation but because they live at the meta-level and let you reinvent them. Working at the meta-level is an enlightening experience. Understand your aesthetic sensitivities and you may gain considerable insight on your own psychology of programming. Mine is perhaps common to most lispers. Perhaps also common to other programming communities, but that, is for the reader to decide..."
61,Emovectors: assessing emotional content in jazz improvisations for creativity evaluation,A,0.0,http://arxiv.org/abs/2512.08812v1,"Emovectors: assessing emotional content in jazz improvisations for creativity evaluation. Music improvisation is fascinating to study, being essentially a live demonstration of a creative process. In jazz, musicians often improvise across predefined chord progressions (leadsheets). How do we assess the creativity of jazz improvisations? And can we capture this in automated metrics for creativity for current LLM-based generative systems? Demonstration of emotional involvement is closely linked with creativity in improvisation. Analysing musical audio, can we detect emotional involvement? This study hypothesises that if an improvisation contains more evidence of emotion-laden content, it is more likely to be recognised as creative. An embeddings-based method is proposed for capturing the emotional content in musical improvisations, using a psychologically-grounded classification of musical characteristics associated with emotions. Resulting 'emovectors' are analysed to test the above hypothesis, comparing across multiple improvisations. Capturing emotional content in this quantifiable way can contribute towards new metrics for creativity evaluation that can be applied at scale."
62,Differences in Jazz Project Leaders' Competencies and Behaviors: A Preliminary Empirical Investigation,S,0.0,http://arxiv.org/abs/2106.10613v1,"Differences in Jazz Project Leaders' Competencies and Behaviors: A Preliminary Empirical Investigation. Studying the human factors that impact on software development, and assigning individuals with specific competencies and qualities to particular software roles, have been shown to aid software project performance. For instance, prior evidence suggests that extroverted software project leaders are most successful. Role assignment based on individuals' competencies and behaviors may be especially relevant in distributed software development contexts where teams are often affected by distance, cultural, and personality issues. Project leaders in these environments need to possess high levels of inter-personal, intra-personal and organizational competencies if they are to appropriately manage such issues and maintain positive project performance. With a view to understanding and explaining the specific competencies and behaviors that are required of project leaders in these settings, we used psycholinguistic and directed content analysis to study the way six successful IBM Rational Jazz leaders operated while coordinating their three distributed projects. Contrary to previous evidence reported in personality studies, our results did not reveal universal competencies and behaviors among these Jazz leaders. Instead, Jazz project leaders' competencies and behaviors varied with their project portfolio of tasks. Our findings suggest that a pragmatic approach that considers the nature of the software tasks being developed is likely to be a more effective strategy for assigning leaders to distributed software teams, as against a strategy that promotes a specific personality type. We discuss these findings and outline implications for distributed software project governance."
63,Differences in Jazz Project Leaders' Competencies and Behaviors: A Preliminary Empirical Investigation,S,0.0,http://arxiv.org/abs/2106.10613v1,"Differences in Jazz Project Leaders' Competencies and Behaviors: A Preliminary Empirical Investigation. Studying the human factors that impact on software development, and assigning individuals with specific competencies and qualities to particular software roles, have been shown to aid software project performance. For instance, prior evidence suggests that extroverted software project leaders are most successful. Role assignment based on individuals' competencies and behaviors may be especially relevant in distributed software development contexts where teams are often affected by distance, cultural, and personality issues. Project leaders in these environments need to possess high levels of inter-personal, intra-personal and organizational competencies if they are to appropriately manage such issues and maintain positive project performance. With a view to understanding and explaining the specific competencies and behaviors that are required of project leaders in these settings, we used psycholinguistic and directed content analysis to study the way six successful IBM Rational Jazz leaders operated while coordinating their three distributed projects. Contrary to previous evidence reported in personality studies, our results did not reveal universal competencies and behaviors among these Jazz leaders. Instead, Jazz project leaders' competencies and behaviors varied with their project portfolio of tasks. Our findings suggest that a pragmatic approach that considers the nature of the software tasks being developed is likely to be a more effective strategy for assigning leaders to distributed software teams, as against a strategy that promotes a specific personality type. We discuss these findings and outline implications for distributed software project governance."
64,Mining Software Metrics from Jazz,J,0.0,http://arxiv.org/abs/1407.2541v1,"Mining Software Metrics from Jazz. In this paper, we describe the extraction of source code metrics from the Jazz repository and the application of data mining techniques to identify the most useful of those metrics for predicting the success or failure of an attempt to construct a working instance of the software product. We present results from a systematic study using the J48 classification method. The results indicate that only a relatively small number of the available software metrics that we considered have any significance for predicting the outcome of a build. These significant metrics are discussed and implication of the results discussed, particularly the relative difficulty of being able to predict failed build attempts."
65,Mining Software Metrics from Jazz,A,0.0,http://arxiv.org/abs/1407.2541v1,"Mining Software Metrics from Jazz. In this paper, we describe the extraction of source code metrics from the Jazz repository and the application of data mining techniques to identify the most useful of those metrics for predicting the success or failure of an attempt to construct a working instance of the software product. We present results from a systematic study using the J48 classification method. The results indicate that only a relatively small number of the available software metrics that we considered have any significance for predicting the outcome of a build. These significant metrics are discussed and implication of the results discussed, particularly the relative difficulty of being able to predict failed build attempts."
66,Mining Software Metrics from Jazz,R,0.0,http://arxiv.org/abs/1407.2541v1,"Mining Software Metrics from Jazz. In this paper, we describe the extraction of source code metrics from the Jazz repository and the application of data mining techniques to identify the most useful of those metrics for predicting the success or failure of an attempt to construct a working instance of the software product. We present results from a systematic study using the J48 classification method. The results indicate that only a relatively small number of the available software metrics that we considered have any significance for predicting the outcome of a build. These significant metrics are discussed and implication of the results discussed, particularly the relative difficulty of being able to predict failed build attempts."
67,A Comparison of Random Forests and Ferns on Recognition of Instruments in Jazz Recordings,A,0.0,http://arxiv.org/abs/1305.5078v1,"A Comparison of Random Forests and Ferns on Recognition of Instruments in Jazz Recordings. In this paper, we first apply random ferns for classification of real music recordings of a jazz band. No initial segmentation of audio data is assumed, i.e., no onset, offset, nor pitch data are needed. The notion of random ferns is described in the paper, to familiarize the reader with this classification algorithm, which was introduced quite recently and applied so far in image recognition tasks. The performance of random ferns is compared with random forests for the same data. The results of experiments are presented in the paper, and conclusions are drawn."
68,A Comparison of Random Forests and Ferns on Recognition of Instruments in Jazz Recordings,M,0.0,http://arxiv.org/abs/1305.5078v1,"A Comparison of Random Forests and Ferns on Recognition of Instruments in Jazz Recordings. In this paper, we first apply random ferns for classification of real music recordings of a jazz band. No initial segmentation of audio data is assumed, i.e., no onset, offset, nor pitch data are needed. The notion of random ferns is described in the paper, to familiarize the reader with this classification algorithm, which was introduced quite recently and applied so far in image recognition tasks. The performance of random ferns is compared with random forests for the same data. The results of experiments are presented in the paper, and conclusions are drawn."
69,Jazz Contrafact Detection,C,0.0,http://arxiv.org/abs/2208.00792v1,"Jazz Contrafact Detection. In jazz, a contrafact is a new melody composed over an existing, but often reharmonized chord progression. Because reharmonization can introduce a wide range of variations, detecting contrafacts is a challenging task. This paper develops a novel vector-space model to represent chord progressions, and uses it for contrafact detection. The process applies principles from music theory to reduce the dimensionality of chord space, determine a common key signature representation, and compute a chordal co-occurrence matrix. The rows of the matrix form a basis for the vector space in which chord progressions are represented as piecewise linear functions, and harmonic similarity is evaluated by computing the membrane area, a novel distance metric. To illustrate our method's effectiveness, we apply it to the Impro-Visor corpus of 2,612 chord progressions, and present examples demonstrating its ability to account for reharmonizations and find contrafacts."
70,Jazz Contrafact Detection,T,0.0,http://arxiv.org/abs/2208.00792v1,"Jazz Contrafact Detection. In jazz, a contrafact is a new melody composed over an existing, but often reharmonized chord progression. Because reharmonization can introduce a wide range of variations, detecting contrafacts is a challenging task. This paper develops a novel vector-space model to represent chord progressions, and uses it for contrafact detection. The process applies principles from music theory to reduce the dimensionality of chord space, determine a common key signature representation, and compute a chordal co-occurrence matrix. The rows of the matrix form a basis for the vector space in which chord progressions are represented as piecewise linear functions, and harmonic similarity is evaluated by computing the membrane area, a novel distance metric. To illustrate our method's effectiveness, we apply it to the Impro-Visor corpus of 2,612 chord progressions, and present examples demonstrating its ability to account for reharmonizations and find contrafacts."
71,What can developers' messages tell us? A psycholinguistic analysis of Jazz teams' attitudes and behavior patterns,S,0.0,http://arxiv.org/abs/2105.10893v1,"What can developers' messages tell us? A psycholinguistic analysis of Jazz teams' attitudes and behavior patterns. Reports that communication and behavioral issues contribute to inadequately performing software teams have fuelled a wealth of research aimed at understanding the human processes employed during software development. The increasing level of interest in human issues is particularly relevant for agile and global software development approaches that emphasize the importance of people and their interactions during projects. While mature analysis techniques in behavioral psychology have been recommended for studying such issues, particularly when using archives and artifacts, these techniques have rarely been used in software engineering research. We utilize these techniques under an embedded case study approach to examine whether IBM Rational Jazz practitioners' behaviors change over project duration and whether certain tasks affect teams' attitudes and behaviors. We found highest levels of project engagement at project start and completion, as well as increasing levels of team collectiveness as projects progressed. Additionally, Jazz practitioners were most insightful and perceptive at the time of project scoping. Further, Jazz teams' attitudes and behaviors varied in line with the nature of the tasks they were performing. We explain these findings and discuss their implications for software project governance and tool design."
72,What can developers' messages tell us? A psycholinguistic analysis of Jazz teams' attitudes and behavior patterns,S,0.0,http://arxiv.org/abs/2105.10893v1,"What can developers' messages tell us? A psycholinguistic analysis of Jazz teams' attitudes and behavior patterns. Reports that communication and behavioral issues contribute to inadequately performing software teams have fuelled a wealth of research aimed at understanding the human processes employed during software development. The increasing level of interest in human issues is particularly relevant for agile and global software development approaches that emphasize the importance of people and their interactions during projects. While mature analysis techniques in behavioral psychology have been recommended for studying such issues, particularly when using archives and artifacts, these techniques have rarely been used in software engineering research. We utilize these techniques under an embedded case study approach to examine whether IBM Rational Jazz practitioners' behaviors change over project duration and whether certain tasks affect teams' attitudes and behaviors. We found highest levels of project engagement at project start and completion, as well as increasing levels of team collectiveness as projects progressed. Additionally, Jazz practitioners were most insightful and perceptive at the time of project scoping. Further, Jazz teams' attitudes and behaviors varied in line with the nature of the tasks they were performing. We explain these findings and discuss their implications for software project governance and tool design."
